[{"model": "main.product", "pk": 1, "fields": {"title": "\u043f\u0430\u0441\u0442\u0435\u0440\u0438\u0437\u043e\u0432\u0430\u043d\u043d\u043e\u0435 \u0446\u0435\u043b\u044c\u043d\u043e\u0435 3,5 - 4,2%", "category": "1", "volume": 1000, "pack": "1", "expiration": 5, "price": "52.00", "available": true, "created_at": "2017-11-02T13:51:10.391Z", "modified_at": "2017-11-02T15:04:51.424Z"}}, {"model": "main.product", "pk": 2, "fields": {"title": "\u0438\u0437 \u0446\u0435\u043b\u044c\u043d\u043e\u0433\u043e \u043c\u043e\u043b\u043e\u043a\u0430 3,5 - 4,2%", "category": "4", "volume": 1000, "pack": "1", "expiration": 5, "price": "52.00", "available": true, "created_at": "2017-11-02T14:02:19.676Z", "modified_at": "2017-11-02T15:04:45.316Z"}}, {"model": "main.product", "pk": 3, "fields": {"title": "\u0438\u0437 \u0446\u0435\u043b\u044c\u043d\u043e\u0433\u043e \u043c\u043e\u043b\u043e\u043a\u0430 \u0441 \u043e\u0431\u043b\u0435\u043f\u0438\u0445\u043e\u0439 3,5 - 4,2%", "category": "4", "volume": 300, "pack": "1", "expiration": 10, "price": "29.80", "available": true, "created_at": "2017-11-02T14:02:44.970Z", "modified_at": "2017-11-02T15:04:33.618Z"}}, {"model": "main.product", "pk": 4, "fields": {"title": "\u043f\u0438\u0442\u044c\u0435\u0432\u043e\u0439 \u0447\u0451\u0440\u043d\u0430\u044f \u0441\u043c\u043e\u0440\u043e\u0434\u0438\u043d\u0430 3,5 - 4,2%", "category": "3", "volume": 300, "pack": "1", "expiration": 10, "price": "29.80", "available": true, "created_at": "2017-11-02T14:03:09.915Z", "modified_at": "2017-11-02T15:04:27.249Z"}}, {"model": "main.product", "pk": 5, "fields": {"title": "\u043f\u0438\u0442\u044c\u0435\u0432\u043e\u0439 \u0441 \u0447\u0435\u0440\u043d\u0438\u043a\u043e\u0439 3,5 - 4,2%", "category": "3", "volume": 300, "pack": "1", "expiration": 10, "price": "29.80", "available": true, "created_at": "2017-11-02T14:03:48.840Z", "modified_at": "2017-11-02T15:04:19.055Z"}}, {"model": "main.product", "pk": 6, "fields": {"title": "\u0433\u0440\u0435\u0447\u0435\u0441\u043a\u0438\u0439 \u0442\u043e\u043f\u043b\u0451\u043d\u044b\u0439 \u0447\u0435\u0440\u043d\u043e\u0441\u043b\u0438\u0432 - \u0437\u043b\u0430\u043a\u0438 8%", "category": "3", "volume": 140, "pack": "1", "expiration": 10, "price": "45.00", "available": true, "created_at": "2017-11-02T14:04:10.777Z", "modified_at": "2017-11-02T15:04:12.037Z"}}, {"model": "main.product", "pk": 7, "fields": {"title": "\u0433\u0440\u0435\u0447\u0435\u0441\u043a\u0438\u0439 \u0442\u043e\u043f\u043b\u0451\u043d\u044b\u0439 \u043c\u0451\u0434-\u043c\u0438\u043d\u0434\u0430\u043b\u044c 8%", "category": "3", "volume": 140, "pack": "1", "expiration": 10, "price": "45.00", "available": true, "created_at": "2017-11-02T14:04:26.209Z", "modified_at": "2017-11-02T15:04:05.169Z"}}, {"model": "main.product", "pk": 8, "fields": {"title": "\u0433\u0440\u0435\u0447\u0435\u0441\u043a\u0438\u0439  \u0442\u043e\u043f\u043b\u0451\u043d\u044b\u0439 8%", "category": "3", "volume": 140, "pack": "1", "expiration": 10, "price": "45.00", "available": true, "created_at": "2017-11-02T14:04:45.438Z", "modified_at": "2017-11-02T15:03:33.382Z"}}, {"model": "main.product", "pk": 9, "fields": {"title": "\u0433\u0440\u0435\u0447\u0435\u0441\u043a\u0438\u0439 \u043f\u0438\u0442\u044c\u0435\u0432\u043e\u0439 \u043a\u043b\u0430\u0441\u0441\u0438\u0447\u0435\u0441\u043a\u0438\u0439 8%", "category": "3", "volume": 300, "pack": "1", "expiration": 10, "price": "45.00", "available": true, "created_at": "2017-11-02T14:05:16.109Z", "modified_at": "2017-11-02T15:03:26.778Z"}}, {"model": "main.product", "pk": 10, "fields": {"title": "\u0433\u0440\u0435\u0447\u0435\u0441\u043a\u0438\u0439 \u043f\u0438\u0442\u044c\u0435\u0432\u043e\u0439 \u043e\u0431\u043b\u0435\u043f\u0438\u0445\u0430 8%", "category": "3", "volume": 300, "pack": "1", "expiration": 10, "price": "45.00", "available": true, "created_at": "2017-11-02T14:05:35.704Z", "modified_at": "2017-11-02T15:03:19.490Z"}}, {"model": "main.product", "pk": 11, "fields": {"title": "\u0433\u0440\u0435\u0447\u0435\u0441\u043a\u0438\u0439 \u043f\u0438\u0442\u044c\u0435\u0432\u043e\u0439 \u0447\u0435\u0440\u043d\u0438\u043a\u0430 8%", "category": "3", "volume": 300, "pack": "1", "expiration": 10, "price": "45.00", "available": true, "created_at": "2017-11-02T14:05:55.998Z", "modified_at": "2017-11-02T15:03:13.327Z"}}, {"model": "main.product", "pk": 12, "fields": {"title": "\u0433\u0440\u0435\u0447\u0435\u0441\u043a\u0438\u0439 \u043f\u0438\u0442\u044c\u0435\u0432\u043e\u0439 \u0442\u043e\u043f\u043b\u0451\u043d\u044b\u0439 \u0447\u0435\u0440\u043d\u043e\u0441\u043b\u0438\u0432 - \u0437\u043b\u0430\u043a\u0438 8%", "category": "3", "volume": 300, "pack": "1", "expiration": 10, "price": "45.00", "available": true, "created_at": "2017-11-02T14:06:10.489Z", "modified_at": "2017-11-02T15:03:04.619Z"}}, {"model": "main.product", "pk": 13, "fields": {"title": "\u0433\u0440\u0435\u0447\u0435\u0441\u043a\u0438\u0439 \u043f\u0438\u0442\u044c\u0435\u0432\u043e\u0439 \u0442\u043e\u043f\u043b\u0451\u043d\u044b\u0439 \u043c\u0451\u0434-\u043c\u0438\u043d\u0434\u0430\u043b\u044c 8%", "category": "3", "volume": 300, "pack": "1", "expiration": 10, "price": "45.00", "available": true, "created_at": "2017-11-02T14:06:25.585Z", "modified_at": "2017-11-02T15:02:58.452Z"}}, {"model": "main.product", "pk": 14, "fields": {"title": "\u0433\u0440\u0435\u0447\u0435\u0441\u043a\u0438\u0439 \u043f\u0438\u0442\u044c\u0435\u0432\u043e\u0439 \u0442\u043e\u043f\u043b\u0451\u043d\u044b\u0439 8%", "category": "3", "volume": 300, "pack": "1", "expiration": 10, "price": "45.00", "available": true, "created_at": "2017-11-02T14:06:52.344Z", "modified_at": "2017-11-02T15:02:51.422Z"}}, {"model": "main.product", "pk": 15, "fields": {"title": "\u0442\u0440\u0430\u0434\u0438\u0446\u0438\u043e\u043d\u043d\u044b\u0439. 18%", "category": "5", "volume": 200, "pack": "2", "expiration": 14, "price": "53.60", "available": true, "created_at": "2017-11-02T14:07:20.214Z", "modified_at": "2017-11-02T15:02:36.886Z"}}, {"model": "main.product", "pk": 16, "fields": {"title": "\u0442\u043e\u043f\u043b\u0451\u043d\u044b\u0439 23%", "category": "5", "volume": 200, "pack": "2", "expiration": 14, "price": "63.70", "available": true, "created_at": "2017-11-02T14:07:42.247Z", "modified_at": "2017-11-02T15:02:21.010Z"}}, {"model": "main.product", "pk": 17, "fields": {"title": "\u043c\u044f\u0433\u043a\u0438\u0439", "category": "2", "volume": 140, "pack": "3", "expiration": 14, "price": "39.70", "available": true, "created_at": "2017-11-02T14:08:06.487Z", "modified_at": "2017-11-02T15:02:08.684Z"}}, {"model": "main.product", "pk": 18, "fields": {"title": "\u043b\u0430\u0431\u043d\u0435 \u043c\u044f\u0433\u043a\u0438\u0439 10%", "category": "2", "volume": 140, "pack": "3", "expiration": 14, "price": "39.70", "available": true, "created_at": "2017-11-02T14:08:28.237Z", "modified_at": "2017-11-02T15:02:01.327Z"}}, {"model": "main.product", "pk": 19, "fields": {"title": "\u043c\u043e\u0446\u0430\u0440\u0435\u043b\u0430", "category": "2", "volume": 1000, "pack": "4", "expiration": 14, "price": "410.00", "available": true, "created_at": "2017-11-02T14:08:51.925Z", "modified_at": "2017-11-02T15:01:55.133Z"}}, {"model": "main.product", "pk": 20, "fields": {"title": "\u0434\u043e\u043c\u0430\u0448\u043d\u0438\u0439", "category": "2", "volume": 1000, "pack": "4", "expiration": 14, "price": "360.00", "available": true, "created_at": "2017-11-02T14:09:11.991Z", "modified_at": "2017-11-02T15:01:44.287Z"}}, {"model": "main.product", "pk": 21, "fields": {"title": "\u0431\u0435\u043b\u044b\u0439 \u0441\u043e\u043b\u0451\u043d\u044b\u0439", "category": "2", "volume": 1000, "pack": "4", "expiration": 14, "price": "360.00", "available": true, "created_at": "2017-11-02T14:09:28.949Z", "modified_at": "2017-11-02T15:01:35.175Z"}}, {"model": "main.product", "pk": 22, "fields": {"title": "\u0433\u0440\u0435\u0447\u0435\u0441\u043a\u0438\u0439 \u043a\u043b\u0430\u0441\u0441\u0438\u0447\u0435\u0441\u043a\u0438\u0439", "category": "3", "volume": 125, "pack": "3", "expiration": 14, "price": "34.87", "available": true, "created_at": "2017-11-02T14:09:55.828Z", "modified_at": "2017-11-02T15:01:25.489Z"}}, {"model": "main.product", "pk": 23, "fields": {"title": "\u0433\u0440\u0435\u0447\u0435\u0441\u043a\u0438\u0439 \u0441 \u0447\u0435\u0440\u043d\u0438\u043a\u043e\u0439", "category": "3", "volume": 125, "pack": "3", "expiration": 14, "price": "34.87", "available": true, "created_at": "2017-11-02T14:10:15.215Z", "modified_at": "2017-11-02T15:01:17.311Z"}}, {"model": "main.product", "pk": 24, "fields": {"title": "\u0433\u0440\u0435\u0447\u0435\u0441\u043a\u0438\u0439 \u0441\u043e\u043b\u0451\u043d\u0430\u044f \u043a\u0430\u0440\u0430\u043c\u0435\u043b\u044c", "category": "3", "volume": 125, "pack": "3", "expiration": 14, "price": "34.87", "available": true, "created_at": "2017-11-02T14:10:36.821Z", "modified_at": "2017-11-02T15:01:07.069Z"}}, {"model": "main.product", "pk": 25, "fields": {"title": "\u0433\u0440\u0435\u0447\u0435\u0441\u043a\u0438\u0439 \u044f\u0431\u043b\u043e\u043a\u043e - \u043a\u043e\u0440\u0438\u0446\u0430", "category": "3", "volume": 125, "pack": "3", "expiration": 14, "price": "34.87", "available": true, "created_at": "2017-11-02T14:10:55.039Z", "modified_at": "2017-11-02T15:00:47.152Z"}}, {"model": "main.product", "pk": 26, "fields": {"title": "\u0433\u0440\u0435\u0447\u0435\u0441\u043a\u0438\u0439 \u043e\u0431\u043b\u0435\u043f\u0438\u0445\u0430", "category": "3", "volume": 125, "pack": "3", "expiration": 14, "price": "34.87", "available": true, "created_at": "2017-11-02T14:11:13.660Z", "modified_at": "2017-11-08T16:03:26.101Z"}}, {"model": "main.order", "pk": 73, "fields": {"name": "\u0415\u043a\u0430\u0442\u0435\u0440\u0438\u043d\u0430&nbsp;\u041f\u0435\u0440\u0446\u043e\u0432\u0430", "tel": "(999) 999-9999", "email": "info@zamlab.ru", "order": "", "delivery_date": "2017-11-29", "message": "dgh", "total": "1359.55", "completed": true, "created_at": "2017-11-17T14:44:25.193Z", "modified_at": "2017-11-17T14:45:03.895Z"}}, {"model": "main.order", "pk": 74, "fields": {"name": "\u0410\u043b\u0435\u043a\u0441\u0430\u043d\u0434\u0440 \u0421\u0442\u0440\u043e\u0439\u043a\u043e\u0432", "tel": "(999) 999-9999", "email": "info@zamlab.ru", "order": "", "delivery_date": "2017-11-29", "message": "szsdfgdfsgh", "total": "1614.00", "completed": true, "created_at": "2017-11-17T15:43:01.099Z", "modified_at": "2017-11-17T15:43:12.108Z"}}, {"model": "main.order", "pk": 75, "fields": {"name": "", "tel": "", "email": "", "order": "", "delivery_date": null, "message": null, "total": "1080.00", "completed": false, "created_at": "2017-11-20T12:29:50.249Z", "modified_at": "2017-11-20T12:29:50.266Z"}}, {"model": "main.order", "pk": 76, "fields": {"name": "", "tel": "", "email": "", "order": "", "delivery_date": null, "message": null, "total": "1080.00", "completed": false, "created_at": "2017-11-20T12:35:43.683Z", "modified_at": "2017-11-20T12:35:43.700Z"}}, {"model": "main.order", "pk": 77, "fields": {"name": "", "tel": "", "email": "", "order": "", "delivery_date": null, "message": null, "total": "0.00", "completed": false, "created_at": "2017-11-20T12:43:05.433Z", "modified_at": "2017-11-20T12:43:05.433Z"}}, {"model": "main.order", "pk": 78, "fields": {"name": "", "tel": "", "email": "", "order": "", "delivery_date": null, "message": null, "total": "0.00", "completed": false, "created_at": "2017-11-20T13:03:46.621Z", "modified_at": "2017-11-20T13:03:46.621Z"}}, {"model": "main.order", "pk": 79, "fields": {"name": "", "tel": "", "email": "", "order": "", "delivery_date": null, "message": null, "total": "0.00", "completed": false, "created_at": "2017-11-20T13:08:54.074Z", "modified_at": "2017-11-20T13:08:54.074Z"}}, {"model": "main.order", "pk": 80, "fields": {"name": "", "tel": "", "email": "", "order": "", "delivery_date": null, "message": null, "total": "0.00", "completed": false, "created_at": "2017-11-20T13:12:15.520Z", "modified_at": "2017-11-20T13:12:15.520Z"}}, {"model": "main.order", "pk": 81, "fields": {"name": "", "tel": "", "email": "", "order": "", "delivery_date": null, "message": null, "total": "0.00", "completed": false, "created_at": "2017-11-20T13:13:14.537Z", "modified_at": "2017-11-20T13:13:14.537Z"}}, {"model": "main.order", "pk": 82, "fields": {"name": "", "tel": "", "email": "", "order": "", "delivery_date": null, "message": null, "total": "0.00", "completed": false, "created_at": "2017-11-20T13:14:06.105Z", "modified_at": "2017-11-20T13:14:06.106Z"}}, {"model": "main.order", "pk": 83, "fields": {"name": "", "tel": "", "email": "", "order": "", "delivery_date": null, "message": null, "total": "117.30", "completed": false, "created_at": "2017-11-20T13:17:58.474Z", "modified_at": "2017-11-20T13:17:58.498Z"}}, {"model": "main.orderitem", "pk": 6, "fields": {"order": 73, "item": 22, "quantity": 3}}, {"model": "main.orderitem", "pk": 7, "fields": {"order": 73, "item": 23, "quantity": 2}}, {"model": "main.orderitem", "pk": 8, "fields": {"order": 73, "item": 19, "quantity": 2}}, {"model": "main.orderitem", "pk": 9, "fields": {"order": 73, "item": 2, "quantity": 3}}, {"model": "main.orderitem", "pk": 10, "fields": {"order": 73, "item": 4, "quantity": 4}}, {"model": "main.orderitem", "pk": 11, "fields": {"order": 73, "item": 8, "quantity": 2}}, {"model": "main.orderitem", "pk": 12, "fields": {"order": 74, "item": 17, "quantity": 2}}, {"model": "main.orderitem", "pk": 13, "fields": {"order": 74, "item": 20, "quantity": 3}}, {"model": "main.orderitem", "pk": 14, "fields": {"order": 74, "item": 16, "quantity": 2}}, {"model": "main.orderitem", "pk": 15, "fields": {"order": 74, "item": 3, "quantity": 4}}, {"model": "main.orderitem", "pk": 16, "fields": {"order": 74, "item": 2, "quantity": 4}}, {"model": "main.orderitem", "pk": 17, "fields": {"order": 75, "item": 20, "quantity": 3}}, {"model": "main.orderitem", "pk": 18, "fields": {"order": 76, "item": 20, "quantity": 3}}, {"model": "main.orderitem", "pk": 19, "fields": {"order": 83, "item": 15, "quantity": 1}}, {"model": "main.orderitem", "pk": 20, "fields": {"order": 83, "item": 16, "quantity": 1}}]